{"cameraMode":{"drawMode":0,"name":"Shaded","section":"Shading Mode"},"sceneLighting":true,"audioPlay":false,"sceneViewState":{"m_AlwaysRefresh":false,"showFog":true,"showSkybox":true,"showFlares":true,"showImageEffects":true,"showParticleSystems":true,"showVisualEffectGraphs":true,"m_FxEnabled":true},"in2DMode":false,"pivot":{"x":956.2664184570313,"y":1644.9329833984375,"z":-21.327392578125},"rotation":{"x":-0.02880541980266571,"y":0.0035951368045061828,"z":-0.0001041459763655439,"w":-0.9995747804641724},"size":1538.2254638671875,"orthographic":false}